Бренд;Товар;Автор;Дата;Оценка;Текст отзыва;Фото (ссылки);Ссылка на товар
DFC;DFC SB-AT-3001;Аноним;;8;В Валентина Л. 29 апреля 2026 Цвет товара: коричневый товар пришёл вовремя,спасибо продавцу.Все целое,что очень важно.Покупали в подарок сыну.Очень доволен и мы в том числе.Играем каждый день 👍 Цена-качество 👍 процветания вам  00:06 Вам помог этот отзыв? Да 1 Нет 0 Ответить;https://ir.ozone.ru/s3/rp-photo-15/wc500/9257e62f-a395-48fb-85ba-640d10ef5cc6.jpeg | https://ir.ozone.ru/s3/rp-photo-12/wc500/1c2378b9-3720-4b1f-aaf1-46c1fd81d27a.jpeg | https://ir.ozone.ru/s3/rp-photo-11/wc500/2c807c26-df2e-4f16-a0ee-662b271da7ee.jpeg | https://ir.ozone.ru/s3/rp-photo-12/wc500/399a8ddb-ffe4-47c2-bece-aa8c422ee14c.jpeg;https://www.ozon.ru/product/813170786
DFC;DFC SB-AT-3001;Аноним;;10;Е Евгений С. 21 апреля 2026 Цвет товара: светло-серый-белый-светло-синий всё всем понравилось 👍👍👍 особенно детям.  04:46 Вам помог этот отзыв? Да 15 Нет 0 Ответить;https://ir.ozone.ru/s3/rp-photo-12/wc500/72beeaff-9d7b-42f2-b6a4-7f1b140f2819.jpeg;https://www.ozon.ru/product/813170786
DFC;DFC SB-AT-3001;Аноним;;7;Г Галина П. 18 июня 2026 Цвет товара: зеленый-серый Доставили быстро. Коробка вся разбита, заклеена скотчем. Звезду снимать не стала, внутри вроде бы все на месте. Это подарок внуку на день рождения, поэтому доставать из коробки не стала. Надеюсь, что комплектация не нарушена.  Вам помог этот отзыв? Да 0 Нет 0 Ответить;https://ir.ozone.ru/s3/rp-photo-11/wc500/ac528109-9493-469c-9945-937c248f157f.jpeg | https://ir.ozone.ru/s3/rp-photo-11/wc500/73639b8d-913d-465e-ad5a-3a7bbdd9af15.jpeg;https://www.ozon.ru/product/813170786
DFC;DFC SB-AT-3001;Аноним;;7;А Анна Р. 20 апреля 2026 Цвет товара: коричневый-светло-зеленый Настольный футбол хорошего качества.Интересно и удобно играть не только детям,но и взрослым.Единственный момент,нужно ставить на не скользящую поверхность,чтобы предотвратить подвижность поля при игре  Вам помог этот отзыв? Да 1 Нет 0 Ответить;https://ir.ozone.ru/s3/rp-photo-13/wc500/bd32bedc-1de3-445b-ac17-01440b0879df.jpeg | https://ir.ozone.ru/s3/rp-photo-14/wc500/b24507dd-8a07-47c0-97de-544fa29311e8.jpeg;https://www.ozon.ru/product/813170786
DFC;DFC SB-AT-3001;Аноним;;7;Иван В. 29 апреля 2026 Цвет товара: темно-синий Отличный, качественно выполненный бильярд. Не хлипкий, не шатается ничего. Кии удобные, шары тяжеленькие. Играем всей семьёй. Рекомендую.  Вам помог этот отзыв? Да 0 Нет 0 Ответить;https://ir.ozone.ru/s3/rp-photo-14/wc500/d45c54d1-d92c-44a3-b29b-75b939f35c04.jpeg;https://www.ozon.ru/product/813170786
DFC;DFC SB-AT-3001;Аноним;;7;И Имя скрыто 28 мая 2026 Цвет товара: голубой-черный Игра пришла в хорошей плотной коробке, всё целое и в наличии. Игра как настоящая. Ребёнок играет с удовольствием, взрослые - тоже)  Вам помог этот отзыв? Да 0 Нет 0 Ответить;https://ir.ozone.ru/s3/rp-photo-12/wc500/ba6ceee4-0258-4730-8179-fe9bffb757fb.jpeg;https://www.ozon.ru/product/813170786
DFC;DFC SB-AT-3001;Аноним;;8;А Алсу М. 12 мая 2026 Цвет товара: светло-коричневый-коричнево-красный товар пришёл быстро, упаковка качественная, внутри пенопласт и защита углов, напор воздуха хороший, собрали быстро, все работает.  00:25 Вам помог этот отзыв? Да 1 Нет 0 Ответить;;https://www.ozon.ru/product/813170786
DFC;DFC SB-AT-3001;Аноним;;7;R Ruvy 13 апреля 2026 Цвет товара: синий-белый Прекрасная игра, поле большого размера, дети с восторге, папа в восторге! Доставка опоздала на 1 день, но а празднику успели!  Вам помог этот отзыв? Да 0 Нет 0 Ответить;https://ir.ozone.ru/s3/rp-photo-14/wc500/b0d5cfa6-30ce-406d-bd41-1b8c382f3837.jpeg | https://ir.ozone.ru/s3/rp-photo-12/wc500/fb22b8ac-21e3-408a-8ecc-23447db01a16.jpeg;https://www.ozon.ru/product/813170786
DFC;DFC SB-AT-3001;Аноним;;7;М Максим Ч. 5 мая 2026 Цвет товара: синий-белый Вполне хороший аэрохоккей! Надо шайба где-то на поле застревает, надо иголкой отверстия в этом месте почистить!  Вам помог этот отзыв? Да 0 Нет 0 Ответить;https://ir.ozone.ru/s3/rp-photo-14/wc500/650048cf-6870-4089-878a-04eb3fc1d744.jpeg;https://www.ozon.ru/product/813170786
DFC;DFC SB-AT-3001;Аноним;;7;М Марина Т. 2 мая 2026 Цвет товара: голубой-черный Игровой стол- аэрохоккей пришёл в хорошем состоянии. Полная комплектация. Работает от сети. Размеры впечатляют.  Вам помог этот отзыв? Да 0 Нет 0 Ответить;https://ir.ozone.ru/s3/rp-photo-15/wc500/2ec1304d-d87c-4285-bf37-a82608ad5f52.jpeg;https://www.ozon.ru/product/813170786
DFC;DFC SB-AT-3001;Аноним;;8;Елена 25 апреля 2026 Цвет товара: коричневый Подклейка к бите не удачная. Приклеила, но дети скрутили сам «войлок» от основания. В целом, неплохо, играть можно. Шум от вентилятора несильный.  00:17 Вам помог этот отзыв? Да 0 Нет 0 Ответить;https://ir.ozone.ru/s3/rp-photo-15/wc500/e9cabd4d-6e4f-47c1-b807-4cddd8bee4d2.jpeg;https://www.ozon.ru/product/813170786
DFC;DFC SB-AT-3001;Аноним;;7;Т Тимофей С. 3 мая 2026 Цвет товара: коричневый Относительно большой стол, удобный размер. Мертвых зон, где останавливается шайба нет. Единственный минус - недостаточная ширина ворот, если поставить биту посередине, шайба не проходит ни с одной стороны.  Вам помог этот отзыв? Да 0 Нет 0 Ответить;https://ir.ozone.ru/s3/rp-photo-11/wc500/4d737118-9999-4b66-87be-8475290ca237.jpeg;https://www.ozon.ru/product/813170786
DFC;DFC SB-AT-3001;Аноним;;7;О Оксана Ш. 25 апреля 2026 Цвет товара: коричневый Давно мечтали о таком столе. К сожалению, пришёл нерабочий. Хотя выглядит очень качественно. Постараемся заменить  Вам помог этот отзыв? Да 0 Нет 0 Ответить 2 комментария;https://ir.ozone.ru/s3/rp-photo-15/wc500/4d06d8f9-d9ba-4c44-83c6-3985734da599.jpeg;https://www.ozon.ru/product/813170786
DFC;DFC SB-AT-3001;Аноним;;7;Л Лилия К. 12 апреля 2026 Цвет товара: коричневый Пришел хорошо запакованный. Все работает, всё целое. Ребёнок в восторге. В реальности больше чем на фото.  Вам помог этот отзыв? Да 0 Нет 0 Ответить;https://ir.ozone.ru/s3/rp-photo-13/wc500/90ea0864-3bcf-407d-bf90-2501400fe229.jpeg;https://www.ozon.ru/product/813170786
DFC;DFC SB-AT-3001;Аноним;;8;Лейла О. 18 мая 2026 Цвет товара: коричневый Вообще крутая игрушка . Взяли в подарок сыну на 2 года . Час играли с мужем сами 😆 Сын в восторге .  00:05 Вам помог этот отзыв? Да 3 Нет 0 Ответить;;https://www.ozon.ru/product/813170786
DFC;DFC SB-AT-3001;Аноним;;7;Р Роман Р. 7 мая 2026 Цвет товара: коричневый Товар пришел вовремя, ветер дует хорошо. Проверяйте то, что он работает от зарядки, а не от батареек.  Вам помог этот отзыв? Да 0 Нет 0 Ответить;https://ir.ozone.ru/s3/rp-photo-13/wc500/3221c9f4-4da4-452d-b6d7-3d3617936d72.jpeg;https://www.ozon.ru/product/813170786
DFC;DFC SB-AT-3001;Аноним;;7;Л Любовь А. 1 мая 2026 Цвет товара: светло-серый-белый-светло-синий за такие деньги , с клееного Кортона конструкция , ещё и с браком , купили подарок ребенку называется  Вам помог этот отзыв? Да 0 Нет 0 Ответить 2 комментария;https://ir.ozone.ru/s3/rp-photo-14/wc500/28eba88d-31b7-4dbd-b9e2-a28add731c21.jpeg;https://www.ozon.ru/product/813170786
DFC;DFC SB-AT-3001;Аноним;;7;С Сергей К. 3 июня 2026 Цвет товара: голубой-черный Ребёнку понравился . Упакован отлично, дошёл быстро , подключение и сборка элементарная .  Вам помог этот отзыв? Да 0 Нет 0 Ответить;https://ir.ozone.ru/s3/rp-photo-12/wc500/9771a104-9a50-4421-aecb-7f697dab305b.jpeg;https://www.ozon.ru/product/813170786
DFC;DFC SB-AT-3001;Аноним;;7;Фишер А. 15 апреля 2026 Цвет товара: коричневый Вроде все целое, еще пробовали, ждём завтра. Подарок на др. Надеюсь все будет работать.  Вам помог этот отзыв? Да 0 Нет 0 Ответить;https://ir.ozone.ru/s3/rp-photo-13/wc500/a1230313-19fa-43ef-87b7-c075dbd1cee8.jpeg | https://ir.ozone.ru/s3/rp-photo-12/wc500/f22dcad0-7964-4520-b1e0-783e8301f6b4.jpeg | https://ir.ozone.ru/s3/rp-photo-12/wc500/3e8aee0a-bcb7-43e0-aea5-fd05a67c11ff.jpeg | https://ir.ozone.ru/s3/rp-photo-14/wc500/ee1a0ca6-b3a8-4b5c-bc06-d1a0f0a3a19d.jpeg;https://www.ozon.ru/product/813170786
DFC;DFC SB-AT-3001;Аноним;;7;Е Евгения З. 6 мая 2026 Цвет товара: голубой-черный хороший аэрохоккей ,достаточно большой ,цена конечно высокая,но сама игра классная  Вам помог этот отзыв? Да 0 Нет 0 Ответить;https://ir.ozone.ru/s3/rp-photo-14/wc500/8e738e89-d892-4419-90bf-d9e055c9f4ef.jpeg;https://www.ozon.ru/product/813170786
DFC;DFC SB-AT-3001;Аноним;;8;А Алсу М. 25 апреля 2026 Цвет товара: голубой-черный Общее впечатление хорошее. Пришло все в комплекте. Дети играют только так)  00:18 Вам помог этот отзыв? Да 6 Нет 0 Ответить;;https://www.ozon.ru/product/813170786
DFC;DFC SB-AT-3001;Аноним;;7;А Анастасия 8 мая 2026 Цвет товара: коричневый Условно ставлю 5 звезд Завтра др ребенку,там и посмотрим все ли хорошо  Вам помог этот отзыв? Да 0 Нет 0 Ответить;https://ir.ozone.ru/s3/rp-photo-13/wc500/5c1e8ae5-e635-468b-acdc-6aace4c8f35c.jpeg;https://www.ozon.ru/product/813170786
DFC;DFC SB-AT-3001;Аноним;;7;И Имя скрыто 22 апреля 2026 Цвет товара: светло-серый-белый-светло-синий Отличный игровой стол) хорошо вписался в интерьер и встал по размеру  Вам помог этот отзыв? Да 0 Нет 0 Ответить;https://ir.ozone.ru/s3/rp-photo-14/wc500/786260ef-fff1-47c9-9b51-f03f38ddf060.jpeg;https://www.ozon.ru/product/813170786
DFC;DFC SB-AT-3001;Аноним;;7;Светлана Ф. 29 апреля 2026 Цвет товара: голубой-черный Взяла внучке на день рождения, она в восторге. Всё отлично работает  Вам помог этот отзыв? Да 0 Нет 0 Ответить;https://ir.ozone.ru/s3/rp-photo-11/wc500/aa4c4492-65e7-4ce9-9197-59e4b9e13cbd.jpeg | https://ir.ozone.ru/s3/rp-photo-14/wc500/feb7a3df-e2c6-4573-a12c-664a42f133dc.jpeg;https://www.ozon.ru/product/813170786
DFC;DFC SB-AT-3001;Аноним;;7;А Алёна Ф. 25 апреля 2026 Цвет товара: коричневый-светло-зеленый Очень понравился! Играем всей семьёй, остались довольны, спасибо  Вам помог этот отзыв? Да 0 Нет 0 Ответить;https://ir.ozone.ru/s3/rp-photo-11/wc500/a3063bfd-93cd-4b00-9ef9-3d8a3ecb8f3b.jpeg;https://www.ozon.ru/product/813170786
DFC;DFC SB-AT-3001;Аноним;;7;И Имя скрыто 31 мая 2026 Цвет товара: голубой-черный Отличный аэрохоккей, ребенка не оторвать и взрослым интересно  Вам помог этот отзыв? Да 0 Нет 0 Ответить;https://ir.ozone.ru/s3/rp-photo-11/wc500/f63adeb5-38e9-40b9-bfe8-e7e5b29f2d78.jpeg;https://www.ozon.ru/product/813170786
DFC;DFC SB-AT-3001;Аноним;;8;И Имя скрыто 26 апреля 2026 Цвет товара: синий-белый Подарок на ДР зашёл! Спортсмен в восторге)) 🏒  00:40 Вам помог этот отзыв? Да 9 Нет 0 Ответить;;https://www.ozon.ru/product/813170786
DFC;DFC SB-AT-3001;Аноним;;7;И Имя скрыто 21 апреля 2026 Цвет товара: светло-коричневый-коричнево-красный Очень хороший , пришел во время.  Вам помог этот отзыв? Да 0 Нет 0 Ответить;https://ir.ozone.ru/s3/rp-photo-12/wc500/1203badb-6e28-473b-abae-443b224acd03.jpeg;https://www.ozon.ru/product/813170786
DFC;DFC SB-AT-3001;Аноним;;7;И Имя скрыто 15 апреля 2026 Цвет товара: темно-синий Понравилось Качественный товар  Вам помог этот отзыв? Да 0 Нет 0 Ответить;https://ir.ozone.ru/s3/rp-photo-15/wc500/77c5fd6e-d3bc-4cd6-89ae-30e8b65cb84f.jpeg;https://www.ozon.ru/product/813170786
DFC;DFC SB-AT-3001;Аноним;;7;М Марат Е. 22 мая 2026 Цвет товара: голубой-черный Ребёнок доволен  Вам помог этот отзыв? Да 0 Нет 0 Ответить;https://ir.ozone.ru/s3/rp-photo-12/wc500/8e35ac96-70d6-4708-8d0c-1bf9b66cba0d.jpeg;https://www.ozon.ru/product/813170786
DFC;DFC 40 101x50 тёмный;Аноним;;8;В Валентина Л. 29 апреля 2026 Цвет товара: коричневый товар пришёл вовремя,спасибо продавцу.Все целое,что очень важно.Покупали в подарок сыну.Очень доволен и мы в том числе.Играем каждый день 👍 Цена-качество 👍 процветания вам  00:06 Вам помог этот отзыв? Да 1 Нет 0 Ответить;https://ir.ozone.ru/s3/rp-photo-15/wc500/9257e62f-a395-48fb-85ba-640d10ef5cc6.jpeg | https://ir.ozone.ru/s3/rp-photo-12/wc500/1c2378b9-3720-4b1f-aaf1-46c1fd81d27a.jpeg | https://ir.ozone.ru/s3/rp-photo-11/wc500/2c807c26-df2e-4f16-a0ee-662b271da7ee.jpeg | https://ir.ozone.ru/s3/rp-photo-12/wc500/399a8ddb-ffe4-47c2-bece-aa8c422ee14c.jpeg;https://www.ozon.ru/product/2718127197
DFC;DFC 40 101x50 тёмный;Аноним;;7;Л Лилия К. 12 апреля 2026 Цвет товара: коричневый Пришел хорошо запакованный. Все работает, всё целое. Ребёнок в восторге. В реальности больше чем на фото.  Вам помог этот отзыв? Да 0 Нет 0 Ответить;https://ir.ozone.ru/s3/rp-photo-13/wc500/90ea0864-3bcf-407d-bf90-2501400fe229.jpeg;https://www.ozon.ru/product/2718127197
DFC;DFC 40 101x50 тёмный;Аноним;;8;Лейла О. 18 мая 2026 Цвет товара: коричневый Вообще крутая игрушка . Взяли в подарок сыну на 2 года . Час играли с мужем сами 😆 Сын в восторге .  00:05 Вам помог этот отзыв? Да 3 Нет 0 Ответить;;https://www.ozon.ru/product/2718127197
DFC;DFC 40 101x50 тёмный;Аноним;;7;Р Роман Р. 7 мая 2026 Цвет товара: коричневый Товар пришел вовремя, ветер дует хорошо. Проверяйте то, что он работает от зарядки, а не от батареек.  Вам помог этот отзыв? Да 0 Нет 0 Ответить;https://ir.ozone.ru/s3/rp-photo-13/wc500/3221c9f4-4da4-452d-b6d7-3d3617936d72.jpeg;https://www.ozon.ru/product/2718127197
DFC;DFC 40 101x50 тёмный;Аноним;;7;Фишер А. 15 апреля 2026 Цвет товара: коричневый Вроде все целое, еще пробовали, ждём завтра. Подарок на др. Надеюсь все будет работать.  Вам помог этот отзыв? Да 0 Нет 0 Ответить;https://ir.ozone.ru/s3/rp-photo-13/wc500/a1230313-19fa-43ef-87b7-c075dbd1cee8.jpeg | https://ir.ozone.ru/s3/rp-photo-12/wc500/f22dcad0-7964-4520-b1e0-783e8301f6b4.jpeg | https://ir.ozone.ru/s3/rp-photo-12/wc500/3e8aee0a-bcb7-43e0-aea5-fd05a67c11ff.jpeg | https://ir.ozone.ru/s3/rp-photo-14/wc500/ee1a0ca6-b3a8-4b5c-bc06-d1a0f0a3a19d.jpeg;https://www.ozon.ru/product/2718127197
DFC;DFC 40 101x50 тёмный;Аноним;;7;А Анастасия 8 мая 2026 Цвет товара: коричневый Условно ставлю 5 звезд Завтра др ребенку,там и посмотрим все ли хорошо  Вам помог этот отзыв? Да 0 Нет 0 Ответить;https://ir.ozone.ru/s3/rp-photo-13/wc500/5c1e8ae5-e635-468b-acdc-6aace4c8f35c.jpeg;https://www.ozon.ru/product/2718127197
DFC;DFC 40 101x50 тёмный;Аноним;;7;И Имя скрыто 22 апреля 2026 Цвет товара: коричневый Очень понравился 👍 Простой в с борке, всё очень аккуратно упаковано, купили на подарок ребёнку, но сами не могли оторваться от игры.Спасибо огромное продавцу 👍  Вам помог этот отзыв? Да 0 Нет 0 Ответить;;https://www.ozon.ru/product/2718127197
DFC;DFC 40 101x50 тёмный;Аноним;;7;Н Наталья С. 19 мая 2026 Цвет товара: коричневый Всё работает, сол огромный, мне нравится что от сети, прежде чем дарить опробовали, думаю ребёнок будет доволен.  Вам помог этот отзыв? Да 0 Нет 0 Ответить;;https://www.ozon.ru/product/2718127197
DFC;DFC 40 101x50 тёмный;Аноним;;7;В Виталий Ш. 6 мая 2026 Цвет товара: коричневый Товар пришел вовремя.Всё хорошо упаковано, детали все на месте. Ребенок остался доволен. Продавца рекомендую  Вам помог этот отзыв? Да 0 Нет 0 Ответить;;https://www.ozon.ru/product/2718127197
DFC;DFC 40 101x50 тёмный;Аноним;;7;Е Евгений Г. 3 мая 2026 Цвет товара: коричневый все работает, ребенок рад такому подарку, постоянно просит поиграть ещё, рекомендую  Вам помог этот отзыв? Да 0 Нет 0 Ответить;;https://www.ozon.ru/product/2718127197
DFC;DFC 40 101x50 тёмный;Аноним;;8;Елена 25 апреля 2026 Цвет товара: коричневый Подклейка к бите не удачная. Приклеила, но дети скрутили сам «войлок» от основания. В целом, неплохо, играть можно. Шум от вентилятора несильный.  00:17 Вам помог этот отзыв? Да 0 Нет 0 Ответить;https://ir.ozone.ru/s3/rp-photo-15/wc500/e9cabd4d-6e4f-47c1-b807-4cddd8bee4d2.jpeg;https://www.ozon.ru/product/2718127197
DFC;DFC 40 101x50 тёмный;Аноним;;10;Е Евгений С. 21 апреля 2026 Цвет товара: светло-серый-белый-светло-синий всё всем понравилось 👍👍👍 особенно детям.  04:46 Вам помог этот отзыв? Да 15 Нет 0 Ответить;https://ir.ozone.ru/s3/rp-photo-12/wc500/72beeaff-9d7b-42f2-b6a4-7f1b140f2819.jpeg;https://www.ozon.ru/product/2718127197
DFC;DFC 40 101x50 тёмный;Аноним;;7;Г Галина П. 18 июня 2026 Цвет товара: зеленый-серый Доставили быстро. Коробка вся разбита, заклеена скотчем. Звезду снимать не стала, внутри вроде бы все на месте. Это подарок внуку на день рождения, поэтому доставать из коробки не стала. Надеюсь, что комплектация не нарушена.  Вам помог этот отзыв? Да 0 Нет 0 Ответить;https://ir.ozone.ru/s3/rp-photo-11/wc500/ac528109-9493-469c-9945-937c248f157f.jpeg | https://ir.ozone.ru/s3/rp-photo-11/wc500/73639b8d-913d-465e-ad5a-3a7bbdd9af15.jpeg;https://www.ozon.ru/product/2718127197
DFC;DFC 40 101x50 тёмный;Аноним;;7;Т Тимофей С. 3 мая 2026 Цвет товара: коричневый Относительно большой стол, удобный размер. Мертвых зон, где останавливается шайба нет. Единственный минус - недостаточная ширина ворот, если поставить биту посередине, шайба не проходит ни с одной стороны.  Вам помог этот отзыв? Да 0 Нет 0 Ответить;https://ir.ozone.ru/s3/rp-photo-11/wc500/4d737118-9999-4b66-87be-8475290ca237.jpeg;https://www.ozon.ru/product/2718127197
DFC;DFC 40 101x50 тёмный;Аноним;;7;А Анна Р. 20 апреля 2026 Цвет товара: коричневый-светло-зеленый Настольный футбол хорошего качества.Интересно и удобно играть не только детям,но и взрослым.Единственный момент,нужно ставить на не скользящую поверхность,чтобы предотвратить подвижность поля при игре  Вам помог этот отзыв? Да 1 Нет 0 Ответить;https://ir.ozone.ru/s3/rp-photo-13/wc500/bd32bedc-1de3-445b-ac17-01440b0879df.jpeg | https://ir.ozone.ru/s3/rp-photo-14/wc500/b24507dd-8a07-47c0-97de-544fa29311e8.jpeg;https://www.ozon.ru/product/2718127197
DFC;DFC 40 101x50 тёмный;Аноним;;7;Иван В. 29 апреля 2026 Цвет товара: темно-синий Отличный, качественно выполненный бильярд. Не хлипкий, не шатается ничего. Кии удобные, шары тяжеленькие. Играем всей семьёй. Рекомендую.  Вам помог этот отзыв? Да 0 Нет 0 Ответить;https://ir.ozone.ru/s3/rp-photo-14/wc500/d45c54d1-d92c-44a3-b29b-75b939f35c04.jpeg;https://www.ozon.ru/product/2718127197
DFC;DFC 40 101x50 тёмный;Аноним;;7;И Имя скрыто 28 мая 2026 Цвет товара: голубой-черный Игра пришла в хорошей плотной коробке, всё целое и в наличии. Игра как настоящая. Ребёнок играет с удовольствием, взрослые - тоже)  Вам помог этот отзыв? Да 0 Нет 0 Ответить;https://ir.ozone.ru/s3/rp-photo-12/wc500/ba6ceee4-0258-4730-8179-fe9bffb757fb.jpeg;https://www.ozon.ru/product/2718127197
DFC;DFC 40 101x50 тёмный;Аноним;;8;А Алсу М. 12 мая 2026 Цвет товара: светло-коричневый-коричнево-красный товар пришёл быстро, упаковка качественная, внутри пенопласт и защита углов, напор воздуха хороший, собрали быстро, все работает.  00:25 Вам помог этот отзыв? Да 1 Нет 0 Ответить;;https://www.ozon.ru/product/2718127197
DFC;DFC 40 101x50 тёмный;Аноним;;7;R Ruvy 13 апреля 2026 Цвет товара: синий-белый Прекрасная игра, поле большого размера, дети с восторге, папа в восторге! Доставка опоздала на 1 день, но а празднику успели!  Вам помог этот отзыв? Да 0 Нет 0 Ответить;https://ir.ozone.ru/s3/rp-photo-14/wc500/b0d5cfa6-30ce-406d-bd41-1b8c382f3837.jpeg | https://ir.ozone.ru/s3/rp-photo-12/wc500/fb22b8ac-21e3-408a-8ecc-23447db01a16.jpeg;https://www.ozon.ru/product/2718127197
DFC;DFC 40 101x50 тёмный;Аноним;;7;О Оксана Ш. 25 апреля 2026 Цвет товара: коричневый Давно мечтали о таком столе. К сожалению, пришёл нерабочий. Хотя выглядит очень качественно. Постараемся заменить  Вам помог этот отзыв? Да 0 Нет 0 Ответить 2 комментария;https://ir.ozone.ru/s3/rp-photo-15/wc500/4d06d8f9-d9ba-4c44-83c6-3985734da599.jpeg;https://www.ozon.ru/product/2718127197
DFC;DFC 40 101x50 тёмный;Аноним;;7;М Максим Ч. 5 мая 2026 Цвет товара: синий-белый Вполне хороший аэрохоккей! Надо шайба где-то на поле застревает, надо иголкой отверстия в этом месте почистить!  Вам помог этот отзыв? Да 0 Нет 0 Ответить;https://ir.ozone.ru/s3/rp-photo-14/wc500/650048cf-6870-4089-878a-04eb3fc1d744.jpeg;https://www.ozon.ru/product/2718127197
DFC;DFC 40 101x50 тёмный;Аноним;;7;М Марина Т. 2 мая 2026 Цвет товара: голубой-черный Игровой стол- аэрохоккей пришёл в хорошем состоянии. Полная комплектация. Работает от сети. Размеры впечатляют.  Вам помог этот отзыв? Да 0 Нет 0 Ответить;https://ir.ozone.ru/s3/rp-photo-15/wc500/2ec1304d-d87c-4285-bf37-a82608ad5f52.jpeg;https://www.ozon.ru/product/2718127197
DFC;DFC 40 101x50 тёмный;Аноним;;7;Л Любовь А. 1 мая 2026 Цвет товара: светло-серый-белый-светло-синий за такие деньги , с клееного Кортона конструкция , ещё и с браком , купили подарок ребенку называется  Вам помог этот отзыв? Да 0 Нет 0 Ответить 2 комментария;https://ir.ozone.ru/s3/rp-photo-14/wc500/28eba88d-31b7-4dbd-b9e2-a28add731c21.jpeg;https://www.ozon.ru/product/2718127197
DFC;DFC 40 101x50 тёмный;Аноним;;7;С Сергей К. 3 июня 2026 Цвет товара: голубой-черный Ребёнку понравился . Упакован отлично, дошёл быстро , подключение и сборка элементарная .  Вам помог этот отзыв? Да 0 Нет 0 Ответить;https://ir.ozone.ru/s3/rp-photo-12/wc500/9771a104-9a50-4421-aecb-7f697dab305b.jpeg;https://www.ozon.ru/product/2718127197
DFC;DFC 40 101x50 тёмный;Аноним;;7;Е Евгения З. 6 мая 2026 Цвет товара: голубой-черный хороший аэрохоккей ,достаточно большой ,цена конечно высокая,но сама игра классная  Вам помог этот отзыв? Да 0 Нет 0 Ответить;https://ir.ozone.ru/s3/rp-photo-14/wc500/8e738e89-d892-4419-90bf-d9e055c9f4ef.jpeg;https://www.ozon.ru/product/2718127197
DFC;DFC 40 101x50 тёмный;Аноним;;8;А Алсу М. 25 апреля 2026 Цвет товара: голубой-черный Общее впечатление хорошее. Пришло все в комплекте. Дети играют только так)  00:18 Вам помог этот отзыв? Да 6 Нет 0 Ответить;;https://www.ozon.ru/product/2718127197
DFC;DFC 40 101x50 тёмный;Аноним;;7;И Имя скрыто 22 апреля 2026 Цвет товара: светло-серый-белый-светло-синий Отличный игровой стол) хорошо вписался в интерьер и встал по размеру  Вам помог этот отзыв? Да 0 Нет 0 Ответить;https://ir.ozone.ru/s3/rp-photo-14/wc500/786260ef-fff1-47c9-9b51-f03f38ddf060.jpeg;https://www.ozon.ru/product/2718127197
DFC;DFC 40 101x50 тёмный;Аноним;;7;Светлана Ф. 29 апреля 2026 Цвет товара: голубой-черный Взяла внучке на день рождения, она в восторге. Всё отлично работает  Вам помог этот отзыв? Да 0 Нет 0 Ответить;https://ir.ozone.ru/s3/rp-photo-11/wc500/aa4c4492-65e7-4ce9-9197-59e4b9e13cbd.jpeg | https://ir.ozone.ru/s3/rp-photo-14/wc500/feb7a3df-e2c6-4573-a12c-664a42f133dc.jpeg;https://www.ozon.ru/product/2718127197
DFC;DFC 40 101x50 тёмный;Аноним;;7;А Алёна Ф. 25 апреля 2026 Цвет товара: коричневый-светло-зеленый Очень понравился! Играем всей семьёй, остались довольны, спасибо  Вам помог этот отзыв? Да 0 Нет 0 Ответить;https://ir.ozone.ru/s3/rp-photo-11/wc500/a3063bfd-93cd-4b00-9ef9-3d8a3ecb8f3b.jpeg;https://www.ozon.ru/product/2718127197
DFC;DFC 40 101x50 тёмный;Аноним;;7;И Имя скрыто 31 мая 2026 Цвет товара: голубой-черный Отличный аэрохоккей, ребенка не оторвать и взрослым интересно  Вам помог этот отзыв? Да 0 Нет 0 Ответить;https://ir.ozone.ru/s3/rp-photo-11/wc500/f63adeb5-38e9-40b9-bfe8-e7e5b29f2d78.jpeg;https://www.ozon.ru/product/2718127197
DFC;"DFC Championship 53""";Аноним;;8;М Марьям А. 4 июня 2026 Цвет товара: красный-темно-синий-белый, Название цвета: AT-220 Удобство использования:Удобно Надежность:Высокая Соотношение цена/качество:Выгодная покупка Хороший стол. Играть на нем очень весело. Воздух дует и шайба катается как по маслу. Сборка простая. Качество тоже понравилось! Не хватало одной детали, продавец ее отправил.  00:20 Вам помог этот отзыв? Да 0 Нет 0 Ответить;https://ir.ozone.ru/s3/rp-photo-15/wc500/f5b124ef-b70e-4981-9ba9-9d0455348821.jpeg;https://www.ozon.ru/product/3164811402
DFC;"DFC Championship 53""";Аноним;;8;Валерия Ч. 30 мая 2026 Цвет товара: красный-темно-синий-белый, Название цвета: AT-220 Удобство использования:Удобно Надежность:Высокая Соотношение цена/качество:Выгодная покупка Очень классный хоккей,ребенок будет в восторге Все же хотелось бы видео сборку,бывают недопонимания ,и в самом конце приходится что то менять местами 😁  00:11 Вам помог этот отзыв? Да 0 Нет 0 Ответить;https://ir.ozone.ru/s3/rp-photo-12/wc500/258db62f-41fb-472c-ba31-791ca5ca8b2d.jpeg | https://ir.ozone.ru/s3/rp-photo-15/wc500/ce55f152-8202-4310-a245-6812e5e5f55f.jpeg;https://www.ozon.ru/product/3164811402
DFC;"DFC Championship 53""";Аноним;;8;А Анна Г. 3 мая 2026 Цвет товара: красный-темно-синий-белый, Название цвета: AT-220 Сам игровой стол, все согласно описанию! Но, доставка!!! коробка пробита в нескольких местах, край коробки весь жирный!!!! Если честно, за такую доставку оторвать руки. Звезду снимать не стала.  00:39 Вам помог этот отзыв? Да 2 Нет 0 Ответить;https://ir.ozone.ru/s3/rp-photo-15/wc500/cec625fa-4a4b-4e74-9b03-b82febda048d.jpeg | https://ir.ozone.ru/s3/rp-photo-15/wc500/a44b5fe5-61f3-42ca-afa4-c07000de7ea9.jpeg | https://ir.ozone.ru/s3/rp-photo-15/wc500/8dcb36e2-9d04-48bf-850c-35c36297cf7f.jpeg | https://ir.ozone.ru/s3/rp-photo-11/wc500/6302ac1f-480c-4f0f-ae6b-435d26b4f5f7.jpeg | https://ir.ozone.ru/s3/rp-photo-13/wc500/038bd010-542e-45f6-b79c-637cfe2fb2f5.jpeg | https://ir.ozone.ru/s3/rp-photo-15/wc500/d636f54b-7654-468a-afee-757efd8995a0.jpeg;https://www.ozon.ru/product/3164811402
DFC;"DFC Championship 53""";Аноним;;8;А Андрей К. 16 мая 2026 Цвет товара: красный-темно-синий-белый, Название цвета: AT-220 Отличный стол. Купили на подарок.Проверили на пвз все целое.  00:10 Вам помог этот отзыв? Да 1 Нет 0 Ответить;https://ir.ozone.ru/s3/rp-photo-12/wc500/d4162c1c-e00c-4948-9ebb-065100356d42.jpeg;https://www.ozon.ru/product/3164811402
DFC;"DFC Championship 53""";Аноним;;7;К Кирилл Х. 19 июня 2026 Цвет товара: красный-темно-синий-белый, Название цвета: AT-220 Надежность:Средняя Удобство использования:Нормально Соотношение цена/качество:Приемлемое ещё не пользовались, коробка не много повреждена, при вскрытии и проверке в пвз дефектов не обнаружил, может быть позже дополню после ДР сына, написал для баллов озон  Вам помог этот отзыв? Да 0 Нет 0 Ответить;https://ir.ozone.ru/s3/rp-photo-12/wc500/813bb197-041b-4847-b381-6e8aa69465de.jpeg | https://ir.ozone.ru/s3/rp-photo-12/wc500/d74e1dcb-e905-4d6c-ba08-f31fe775c8b2.jpeg;https://www.ozon.ru/product/3164811402
DFC;"DFC Championship 53""";Аноним;;7;А Алия С. 11 июня 2026 Цвет товара: красный-темно-синий-белый, Название цвета: AT-220 Надежность:Высокая Соотношение цена/качество:Приемлемое Удобство использования:Удобно Покупали на подарок сыну. Он просто в восторге. Все работает великолепно. По сборке также проблем не возникло, все легко собирается. Рекомендую к покупке  Вам помог этот отзыв? Да 0 Нет 0 Ответить;https://ir.ozone.ru/s3/rp-photo-13/wc500/cc2fdbd1-9c76-429d-8044-98f0631552d9.jpeg;https://www.ozon.ru/product/3164811402
DFC;"DFC Championship 53""";Аноним;;8;С Сергей А. 10 мая 2026 Цвет товара: красный-темно-синий-белый, Название цвета: AT-220 заказ пришёл вовремя, собрать стол получилось где-то минут за 30-40.. Заказывался в подарок ребёнку. Пока не подарил ,но зато сам наигрался вдоволь)) остальное описание прилагаю в видео. Игровой стол и продавца рекомендую!!!  01:06 Вам помог этот отзыв? Да 4 Нет 0 Ответить;;https://www.ozon.ru/product/3164811402
DFC;"DFC Championship 53""";Аноним;;8;Олеся Г. 10 мая 2026 Цвет товара: красный-темно-синий-белый, Название цвета: AT-220 Пока все нравится, стол стал местом притяжения, увлечены все от 3х лет до старшего поколения 70ти лет 😄. Именинница в восторге!  00:06 Вам помог этот отзыв? Да 0 Нет 0 Ответить;;https://www.ozon.ru/product/3164811402
DFC;"DFC Championship 53""";Аноним;;7;А Альбина О. 11 июня 2026 Цвет товара: красный-темно-синий-белый, Название цвета: AT-220 хороший. складные ножки. всё в восторге. цена меняется, можно мониторить. так всё отлично  Вам помог этот отзыв? Да 0 Нет 0 Ответить;https://ir.ozone.ru/s3/rp-photo-13/wc500/5c186b8e-0752-4bfa-b517-e3447b20716c.jpeg;https://www.ozon.ru/product/3164811402
DFC;"DFC Championship 53""";Аноним;;8;Михаил П. 9 июня 2026 Цвет товара: красный-темно-синий-белый, Название цвета: AT-220 отличный стол, ребёнку очень понравился  00:11 Вам помог этот отзыв? Да 0 Нет 0 Ответить;;https://www.ozon.ru/product/3164811402
DFC;"DFC Championship 53""";Аноним;;8;А Анна 23 мая 2026 Цвет товара: черный-красный, Название цвета: AT-185 Удобство использования:Удобно Соотношение цена/качество:Приемлемое Надежность:Средняя Стол очень понравился детям, не оторвать. Есть небольшие и незначительные замечания по качеству стола, но на функциональность они не влияют. В остальном всё хорошо, шайба скользит, табло работает, со сборкой проблем не возникло. Считаю хорошим приобретением для досуга детей на даче за приемлемые деньги.  00:23 Вам помог этот отзыв? Да 3 Нет 0 Ответить;https://ir.ozone.ru/s3/rp-photo-11/wc500/dc9a8ed7-aa70-4c39-bb6e-306a3403c500.jpeg;https://www.ozon.ru/product/3164811402
DFC;"DFC Championship 53""";Аноним;;8;Максим Александрович 22 мая 2026 Цвет товара: синий, Название цвета: AT-120 Надежность:Высокая Удобство использования:Удобно Соотношение цена/качество:Выгодная покупка супер стол, дети довольны,полный комплект,не чего не сломано, спасибо большое за товар я очень доволен берите не пожалеете им можно играть всей семьёй.... Спасибо продавцу за доставку  00:30 Вам помог этот отзыв? Да 4 Нет 0 Ответить;https://ir.ozone.ru/s3/rp-photo-13/wc500/78d7225e-f37f-4c15-b20d-d036edae591b.jpeg;https://www.ozon.ru/product/3164811402
DFC;"DFC Championship 53""";Аноним;;8;Е Елена Е. 22 мая 2026 Цвет товара: темно-синий-светло-синий-белый, Название цвета: AT-230 Удобство использования:Нормально Соотношение цена/качество:Приемлемое Надежность:Средняя В целом стол неплохой, но уж очень он неустойчевый, если поставить на ковёр, то отлично, на ламинате же катается туда-сюда. Сама поверхность стола тоже под вопросом, видно будет только со временем насколько износится покрытие.Ребенок доволен подарком и это главное.  00:15 Вам помог этот отзыв? Да 0 Нет 0 Ответить;https://ir.ozone.ru/s3/rp-photo-11/wc500/7c4b43e4-5bd9-4e01-959a-cf1f81df5bb8.jpeg | https://ir.ozone.ru/s3/rp-photo-14/wc500/6c8bd157-b3a4-4fa8-994b-353b81049c1d.jpeg;https://www.ozon.ru/product/3164811402
DFC;"DFC Championship 53""";Аноним;;8;А Александр М. 10 мая 2026 Цвет товара: темно-синий-светло-синий-белый, Название цвета: AT-230 Соотношение цена/качество:Приемлемое Надежность:Средняя Удобство использования:Удобно Отличный аэрохокет.Брали ребенку в подарок.Заказывали заранее курьером,открыли именно в день рождения.Все отлично,без повреждение.Отличная и подробная инструкция по сборке.Весь день играли дети и взрослые.Надеюсь прослужит долго.  00:18 Вам помог этот отзыв? Да 0 Нет 0 Ответить;https://ir.ozone.ru/s3/rp-photo-11/wc500/72beb481-45d3-4cbe-9748-7ec6d7218b3e.jpeg;https://www.ozon.ru/product/3164811402
DFC;"DFC Championship 53""";Аноним;;8;А Анастасия Б. изменен 11 мая 2026 Цвет товара: красный-коричневый-черный, Название цвета: AT-195 Удобство использования:Удобно Соотношение цена/качество:Приемлемое Надежность:Высокая в целом всё работает, внешне полностью устраивает и оправдывает ожидания пришёл со сколом.... очень жаль, так как купила сыну на подарок на ДР. в пвз возможности такой товар проверить нет, поэтому сразу после приезда с пвз решили проверить с видеозаписью. надеюсь, что продавец войдёт в положение и предложит какую то компенсацию (так как товар новый...  Читать полностью 04:21 Вам помог этот отзыв? Да 0 Нет 0 Ответить;https://ir.ozone.ru/s3/rp-photo-12/wc500/72ebec3c-d069-4758-8054-4ae04161e2a8.jpeg | https://ir.ozone.ru/s3/rp-photo-12/wc500/344b32fe-fa2f-4dbf-ba16-907094c5e907.jpeg;https://www.ozon.ru/product/3164811402
DFC;"DFC Championship 53""";Аноним;;8;С Светлана С. 1 мая 2026 Цвет товара: черный-темно-синий-красный, Название цвета: AT-215 Соотношение цена/качество:Приемлемое Надежность:Средняя Удобство использования:Удобно Классный стол. Доставка быстрая , упакован был хорошо. В обычную машину не влез, везли на Ниве. Просьба к производителю, сделайте пожалуйста наметки или отверстия под ворота и под счетчик. Не удобно прикручивать, счетчик из за подсветки не прикручивается, шурупы маленькие и короткие. испортили край стола. Складывается удобно, но как по мне тоже механиз...  Читать полностью 00:46 Вам помог этот отзыв? Да 1 Нет 0 Ответить;https://ir.ozone.ru/s3/rp-photo-12/wc500/4a3a4823-c185-4437-bb3d-5ceefa9e8f1e.jpeg | https://ir.ozone.ru/s3/rp-photo-15/wc500/f89b450d-d0c3-4642-93ea-c04e27d9e77d.jpeg | https://ir.ozone.ru/s3/rp-photo-12/wc500/1aad1560-de82-4fab-9213-d79d77bb5878.jpeg | https://ir.ozone.ru/s3/rp-photo-13/wc500/00205c7f-32fb-43a3-bf46-057272aa4a13.jpeg;https://www.ozon.ru/product/3164811402
DFC;"DFC Championship 53""";Аноним;;9;Екатерина А. 28 мая 2026 Цвет товара: черный-темно-синий-красный, Название цвета: AT-215 Надежность:Высокая Соотношение цена/качество:Выгодная покупка Очень понравился , упаковано отлично , за такую цену не ожидала такой красоты. Просто советую детки будут восторге да и взрослые тоже )))  00:56 Вам помог этот отзыв? Да 6 Нет 0 Ответить;https://ir.ozone.ru/s3/rp-photo-15/wc500/e5283d73-e0d0-4d42-bda7-5f8cb5854d2e.jpeg | https://ir.ozone.ru/s3/rp-photo-12/wc500/e90ffe19-19a9-40b4-86bc-e7993131771b.jpeg | https://ir.ozone.ru/s3/rp-photo-11/wc500/9e9c3b64-8ed8-4a58-93f3-c93332cf2c75.jpeg;https://www.ozon.ru/product/3164811402
DFC;"DFC Championship 53""";Аноним;;8;Ю Юрий 18 июня 2026 Цвет товара: светло-серый-фиолетовый, Название цвета: AT-205 Надежность:Средняя Соотношение цена/качество:Выгодная покупка Удобство использования:Нормально За эти деньги- хорошее развлечение для детей. Стол ровный, наддув хороший. Инструкция по сборке понятная.  00:08 Вам помог этот отзыв? Да 0 Нет 0 Ответить;https://ir.ozone.ru/s3/rp-photo-13/wc500/a5a44f76-0839-46b4-a300-53ad0d4d2627.jpeg | https://ir.ozone.ru/s3/rp-photo-11/wc500/a704c73d-5e55-47ce-b7a2-d365ab7d9c40.jpeg;https://www.ozon.ru/product/3164811402
DFC;"DFC Championship 53""";Аноним;;8;И Иван С. 5 июня 2026 Цвет товара: черный-темно-синий-красный, Название цвета: AT-215 Надежность:Высокая Соотношение цена/качество:Приемлемое Удобство использования:Удобно Отличный аэрохоккей)👍 Искали именно чтобы складывался. Подцветка, качество, всё супер! Рекомендую!  00:35 Вам помог этот отзыв? Да 5 Нет 0 Ответить;https://ir.ozone.ru/s3/rp-photo-15/wc500/0463d81a-549e-4c6a-aef3-b80af8f7a71d.jpeg | https://ir.ozone.ru/s3/rp-photo-15/wc500/7c79222f-663b-4555-bd85-ed588431435b.jpeg | https://ir.ozone.ru/s3/rp-photo-13/wc500/da7250f8-fa02-4f38-9255-f8d76f3ace84.jpeg | https://ir.ozone.ru/s3/rp-photo-11/wc500/ec3f05c6-3c7e-4068-a285-6029279dc0a3.jpeg | https://ir.ozone.ru/s3/rp-photo-15/wc500/4def3670-42b3-440b-aee5-ba81a95bbf3d.jpeg | https://ir.ozone.ru/s3/rp-photo-12/wc500/a571bfed-7388-45b2-99ed-6ada64d17bf9.jpeg | https://ir.ozone.ru/s3/rp-photo-12/wc500/c1052fbb-6080-49cd-be43-3e6224320763.jpeg;https://www.ozon.ru/product/3164811402
DFC;"DFC Championship 53""";Аноним;;8;М Марьяна К. 3 мая 2026 Цвет товара: синий-черный-голубой, Название цвета: AT-190 Соотношение цена/качество:Приемлемое Удобство использования:Удобно Надежность:Средняя Отличный размер, счетчик считает каждый гол, скользит хорошо, детям очень понравился  00:09 Вам помог этот отзыв? Да 0 Нет 0 Ответить;https://ir.ozone.ru/s3/rp-photo-12/wc500/d013bfd3-ae2f-4295-bca2-bd54d5dbedae.jpeg;https://www.ozon.ru/product/3164811402
DFC;"DFC Championship 53""";Аноним;;8;Н Наталья Н. 26 мая 2026 Цвет товара: черный-темно-синий-красный, Название цвета: AT-215 Классный аэрохоккей,детям очень понравился.Собрали без проблем,всё работает.  00:06 Вам помог этот отзыв? Да 0 Нет 0 Ответить;https://ir.ozone.ru/s3/rp-photo-14/wc500/a7b8148d-45ca-41af-bb52-d5e4d20ca4c3.jpeg | https://ir.ozone.ru/s3/rp-photo-14/wc500/fd35efe7-f440-441a-a965-b2f7c1dbae38.jpeg;https://www.ozon.ru/product/3164811402
DFC;"DFC Championship 53""";Аноним;;8;Е Елена К. изменен 28 мая 2026 Цвет товара: красный-коричневый-черный, Название цвета: AT-195 Упаковано хорошо, без повреждений. Еще не играли. Стоит, ждет дня рождения…  00:41 Вам помог этот отзыв? Да 3 Нет 0 Ответить;https://ir.ozone.ru/s3/rp-photo-11/wc500/2edcc262-5ecf-4e15-b26e-7c290e038e0d.jpeg;https://www.ozon.ru/product/3164811402
DFC;"DFC Championship 53""";Аноним;;8;А Анна С. 25 мая 2026 Цвет товара: синий-черный-голубой, Название цвета: AT-190 Удобство использования:Удобно Соотношение цена/качество:Приемлемое Надежность:Высокая Очень классная игрушка. Играем всей семьёй. Собрали быстро.  00:21 Вам помог этот отзыв? Да 2 Нет 0 Ответить;https://ir.ozone.ru/s3/rp-photo-12/wc500/453134ce-2ec4-4f7a-825f-bc501b07451f.jpeg;https://www.ozon.ru/product/3164811402
DFC;"DFC Championship 53""";Аноним;;8;п пользователь 5 мая 2026 Цвет товара: черный-темно-синий-красный, Название цвета: AT-215 Удобство использования:Удобно Классный, больший игральный стол. Дети просто в восторге.  00:08 Вам помог этот отзыв? Да 0 Нет 0 Ответить;https://ir.ozone.ru/s3/rp-photo-12/wc500/8c3b3f00-722a-4b5f-ab84-a38eab9643e8.jpeg | https://ir.ozone.ru/s3/rp-photo-13/wc500/e18bc6d5-a926-461e-b061-fc69f75b1662.jpeg;https://www.ozon.ru/product/3164811402
DFC;"DFC Championship 53""";Аноним;;8;А Алексей Ж. 30 мая 2026 Цвет товара: черный-темно-синий-красный, Название цвета: AT-215 отличный товар, хорошо упакован, быстрая доставка.  00:12 Вам помог этот отзыв? Да 1 Нет 0 Ответить;https://ir.ozone.ru/s3/rp-photo-11/wc500/0f98ef32-6aaf-4a8d-a9fd-90a06f06ecd6.jpeg;https://www.ozon.ru/product/3164811402
DFC;"DFC Championship 53""";Аноним;;8;И Имя скрыто 15 мая 2026 Цвет товара: красный-коричневый-черный, Название цвета: AT-195 Соотношение цена/качество:Приемлемое Надежность:Средняя Удобство использования:Удобно Сын рад!  00:43 Вам помог этот отзыв? Да 2 Нет 0 Ответить 1 комментарий;https://ir.ozone.ru/s3/rp-photo-11/wc500/b595df09-87d5-4b7d-aad5-56d10738b2e0.jpeg;https://www.ozon.ru/product/3164811402
DFC;"DFC Championship 53""";Аноним;;7;О Ольга Х. 12 июня 2026 Цвет товара: синий-черный-голубой, Название цвета: AT-190 Удобство использования:Нормально Соотношение цена/качество:Приемлемое Надежность:Низкая Пришел с поцарапанной поверхностью. Не стали сдавать, потому что собирали с ребёнком. Полностью из двп- хлюпковат. В месте , где исцарапано- фишка тормозит.  Вам помог этот отзыв? Да 0 Нет 0 Ответить 1 комментарий;https://ir.ozone.ru/s3/rp-photo-12/wc500/ef9d2164-66f4-4419-b41f-df75eb06f271.jpeg | https://ir.ozone.ru/s3/rp-photo-14/wc500/f2feec0d-9591-4a1e-a78b-c2afb6dee15f.jpeg;https://www.ozon.ru/product/3164811402
DFC;"DFC Championship 53""";Аноним;;7;О Оксана К. 11 июня 2026 Цвет товара: красный-темно-синий-белый, Название цвета: AT-220 Только что привезли, распаковали и увидели на игровом поле в углу мятое поле - производственный брак виден невооружённым взглядом зачем такое отправлять, портить настроение в день праздника и создавать проблемы с возвратом (  Вам помог этот отзыв? Да 0 Нет 0 Ответить 2 комментария;https://ir.ozone.ru/s3/rp-photo-11/wc500/5759b5a6-957a-4781-964c-2c303178634a.jpeg;https://www.ozon.ru/product/3164811402
DFC;"DFC Championship 53""";Аноним;;8;Катерина А. 16 мая 2026 Цвет товара: синий-черный-голубой, Название цвета: AT-190 Соотношение цена/качество:Выгодная покупка Надежность:Высокая Удобство использования:Удобно Отличный стол!! Купили на дачу, ни секунды не пожалели! Сборка не сложная, все прикрутилось куда надо. Стоит устойчиво, не шатается. Вентилятор работает, счетчик тоже. Немного маловаты шайбы, но и стол не полноразмерный.  00:20 Вам помог этот отзыв? Да 0 Нет 0 Ответить;;https://www.ozon.ru/product/3164811402
DFC;"DFC Championship 53""";Аноним;;7;М Маргарита Ш. 5 мая 2026 Цвет товара: черный-красный, Название цвета: AT-185 Удобство использования:Нормально Соотношение цена/качество:Приемлемое Надежность:Средняя Стол и комплектующим из дсп вроде. Можно спокойно играть и взрослым и детям, но местами (ближе к воротам, по бокам) стол не продувается. Плохо были прикреплены бортики с боков, неровно, надо перекручивать, ибо во время игры шайба застревает между столом И углом. За 12к, наверное, нормально. Очередная хотелка, которая не нужна😆  Вам помог этот отзыв? Да 0 Нет 0 Ответить;https://ir.ozone.ru/s3/rp-photo-13/wc500/c6098b32-495a-4b66-b474-23a28f85405f.jpeg;https://www.ozon.ru/product/3164811402
DFC;DFC JUPITER;Аноним;;7;А Александр Ж. 22 сентября 2025 Цвет товара: черный-серый-светло-серый, Название цвета: AT-275 Хороший стол за свои деньги. Надеюсь, что и очень прочный)  Вам помог этот отзыв? Да 12 Нет 0 Ответить;https://ir.ozone.ru/s3/rp-photo-11/wc500/001196e9-f6f5-433c-95d3-2d6f9c0b350e.jpeg | https://ir.ozone.ru/s3/rp-photo-15/wc500/08a4fb85-9abf-4ff2-9a8d-c77e8efe8e29.jpeg;https://www.ozon.ru/product/1409600087
DFC;DFC JUPITER;Аноним;;8;И Имя скрыто 12 февраля 2026 Цвет товара: черный-серый-светло-серый, Название цвета: AT-275 Надежность:Высокая Соотношение цена/качество:Выгодная покупка Удобство использования:Удобно Все ок, посмотрим как будет в использовании  00:08 Вам помог этот отзыв? Да 0 Нет 0 Ответить;;https://www.ozon.ru/product/1409600087
DFC;DFC JUPITER;Аноним;;7;Г Гюзель 7 апреля 2024 Цвет товара: черный-серый-светло-серый, Название цвета: AT-275 Замечательный игровой стол .  Вам помог этот отзыв? Да 0 Нет 0 Ответить;;https://www.ozon.ru/product/1409600087
DFC;DFC JUPITER;Аноним;;8;А Алина К. изменен 26 декабря 2025 Цвет товара: черный-красный-темно-серый, Название цвета: AT-265 Товар пришёл вовремя. Размеры в упакованном виде, маленько испугали конечно) Визуально дефектов на пункте выдачи не обнаружили. Пока не собирали и поэтому трудно объективно оценить. Очень надеюсь что при сборке не обнаружим никаких сюрпризов и все будет отлично работать, так как купили на подарок деткам в детский дом и очень бы не хотелось их огорчить...  Читать полностью 00:07 Вам помог этот отзыв? Да 8 Нет 0 Ответить;https://ir.ozone.ru/s3/rp-photo-14/wc500/3de16cfa-89ec-4bf6-92e4-73216357c377.jpeg;https://www.ozon.ru/product/1409600087
DFC;DFC JUPITER;Аноним;;8;И Имя скрыто 22 ноября 2025 Цвет товара: черный-красный-темно-серый, Название цвета: AT-265 Удобство использования:Нормально Надежность:Средняя Соотношение цена/качество:Приемлемое Нам понравился что достаточно большой. Можно играть взрослым. Единственное думала что будет счётчик автоматический. а тут его нет.  00:08 Вам помог этот отзыв? Да 20 Нет 0 Ответить;https://ir.ozone.ru/s3/rp-photo-15/wc500/c2e9eef3-05ea-4949-9674-fdba12e4631e.jpeg;https://www.ozon.ru/product/1409600087
DFC;DFC JUPITER;Аноним;;8;Сергей К. 16 декабря 2025 Цвет товара: черный-красный-темно-серый, Название цвета: AT-265 Соотношение цена/качество:Выгодная покупка Надежность:Высокая Удобство использования:Удобно Аэрохоккей хороший. Играем всем коллективом! Всем довольны!Качество отличное! Рекомендую  00:42 Вам помог этот отзыв? Да 5 Нет 0 Ответить 1 комментарий;https://ir.ozone.ru/s3/rp-photo-11/wc500/cef9ccb1-ea00-4ece-86ea-b73532a3535e.jpeg | https://ir.ozone.ru/s3/rp-photo-14/wc500/3070eb19-eef5-422f-801c-9db15bfb749b.jpeg;https://www.ozon.ru/product/1409600087
DFC;DFC JUPITER;Аноним;;8;А Анастасия А. 4 января 2026 Цвет товара: черный-красный-темно-серый, Название цвета: AT-265 Удобство использования:Удобно Надежность:Высокая Соотношение цена/качество:Приемлемое Отличная игра, спасибо что доставили к новому году.  00:07 Вам помог этот отзыв? Да 5 Нет 0 Ответить;https://ir.ozone.ru/s3/rp-photo-13/wc500/f4d4e3bf-5fbe-4978-b0cf-888a5493eeb5.jpeg;https://www.ozon.ru/product/1409600087
DFC;DFC JUPITER;Аноним;;7;В Владислав П. изменен 4 января 2026 Цвет товара: черный-красный-темно-серый, Название цвета: AT-265 Надежность:Высокая Удобство использования:Удобно Соотношение цена/качество:Приемлемое Всем привет! пишу отзыв для тех кто думает стоит ли покупать и в чем разница между моделями у других производителей за 13 тысяч и текущей. Модель куплена за 23 тысячи. 1) упаковка мое почтение. каждая деталь упакована в пленку все. отдельно дополнительно в каждый коробок. болты в коробке все в отдельных пакетиках подписаны нумерацией. понятная четкая...  Читать полностью Вам помог этот отзыв? Да 6 Нет 0 Ответить;https://ir.ozone.ru/s3/rp-photo-13/wc500/2d725e2f-c631-4a2a-89f1-938812816046.jpeg | https://ir.ozone.ru/s3/rp-photo-13/wc500/f25b12eb-179f-4aea-b5c1-f512c7a9a9f2.jpeg | https://ir.ozone.ru/s3/rp-photo-14/wc500/9b0f2765-225b-46ee-b512-ab8673e82dc9.jpeg | https://ir.ozone.ru/s3/rp-photo-13/wc500/9c3ac571-d766-458b-8d0d-d0ff4967ad62.jpeg | https://ir.ozone.ru/s3/rp-photo-15/wc500/a5f7d32f-1eef-46af-b7af-f153f8cf5cf9.jpeg | https://ir.ozone.ru/s3/rp-photo-14/wc500/4ca450ab-dfb8-4c46-80c5-47df873d216d.jpeg | https://ir.ozone.ru/s3/rp-photo-15/wc500/407e7148-ebb3-4569-acb9-1cdbbb3106a8.jpeg | https://ir.ozone.ru/s3/rp-photo-12/wc500/434a1006-80d7-4653-a9b5-daf814a813e1.jpeg;https://www.ozon.ru/product/1409600087
DFC;DFC JUPITER;Аноним;;8;А Асия Л. 19 декабря 2025 Цвет товара: черный-красный-темно-серый, Название цвета: AT-265 Давно смотрела на этот товар.Сложились с родственниками и приобрели это чудо°° Размер то что надо, добротный и красивый.Дети и взрослые в восторге!!! Эмоции выше крыши!!!  00:10 Вам помог этот отзыв? Да 14 Нет 0 Ответить;;https://www.ozon.ru/product/1409600087
DFC;DFC JUPITER;Аноним;;8;М Мариета А. 21 ноября 2025 Цвет товара: черный-красный-темно-серый, Название цвета: AT-265 Стоп классный и дети и взрослые с удовольствием играют! Спасибо большое! И продавцу спасибо за быструю доставку 👍 К покупке рекомендую 🔥  00:48 Вам помог этот отзыв? Да 13 Нет 0 Ответить;;https://www.ozon.ru/product/1409600087
DFC;DFC JUPITER;Аноним;;8;"А Анна 7 июня 2026 Цвет товара: черный-красный-темно-серый, Название цвета: AT-265 Надежность:Средняя Удобство использования:Нормально Соотношение цена/качество:Приемлемое Ребенок доволен, но есть нюансы: выполнено все из прессованной плиты на подобии оргалита (опилки очень мелкой фракции) и потому, вся эта история недолговечна и боится влаги. Отсеки для приема ""голов"" крепятся к столу на клею, поэтому после первого использования нам пришлось сажать их на шурупы, кроме того части коробов крепятся между собой скобами...  Читать полностью 00:33 Вам помог этот отзыв? Да 0 Нет 0 Ответить 2 комментария";https://ir.ozone.ru/s3/rp-photo-11/wc500/88b711a7-8eaa-4717-bce5-f00a1b1fc0fc.jpeg | https://ir.ozone.ru/s3/rp-photo-14/wc500/7d3b11e4-b3bb-478b-85f5-1458c3cc15b1.jpeg;https://www.ozon.ru/product/1409600087
DFC;DFC JUPITER;Аноним;;9;А Альбина Н. изменен 13 декабря 2025 Цвет товара: черный-белый-серый металлик, Название цвета: AT-250 Надежность:Средняя Удобство использования:Нормально Стол сам по себе пришел целый и вовремя. но сборка у него ужасная постоянно что-то отваливается.  00:05 Вам помог этот отзыв? Да 1 Нет 0 Ответить 2 комментария;https://ir.ozone.ru/s3/rp-photo-14/wc500/c4c04659-cdc8-42f8-b968-03d70a9083f1.jpeg | https://ir.ozone.ru/s3/rp-photo-11/wc500/7cbf29ae-6d9b-47e8-9f2c-e8cbbfb7f5fa.jpeg | https://ir.ozone.ru/s3/rp-photo-13/wc500/817cd4a3-dbd0-4b6b-8265-7cfd09b738d9.jpeg | https://ir.ozone.ru/s3/rp-photo-12/wc500/a9a717d6-614d-47ea-9222-44e8357551d7.jpeg;https://www.ozon.ru/product/1409600087
DFC;DFC JUPITER;Аноним;;7;И Имя скрыто изменен 25 мая 2026 Цвет товара: черный-красный-темно-серый, Название цвета: AT-265 Надежность:Средняя Удобство использования:Нормально Пришел относительно целым, при том что коробка была мятой. Рабочее поле поцарапанное, потертое. На бортах есть места, где виниловая пленка ободрана, при этом внешних повреждений (порванных мест) на коробке не было. Следовательно, он в таком состоянии уже попал в коробку. Без доработок - работа так себе, мощности одного вентилятора не хватает для продувки...  Читать полностью Вам помог этот отзыв? Да 0 Нет 0 Ответить 2 комментария;https://ir.ozone.ru/s3/rp-photo-11/wc500/e94b4dcc-5e04-4d80-bf60-3ad59fcab3cf.jpeg;https://www.ozon.ru/product/1409600087
DFC;DFC JUPITER;Аноним;;7;Э Эмиля А. 12 февраля 2026 Цвет товара: черный-красный-темно-серый, Название цвета: AT-265 Здравствуйте! Стол не плохой, но почему-то немного шатается, вроде всё затянуто. Боковая крутилка на болте, с помощью которой нужно собирать стол не вставляется, видимо брак! Уважаемый продавец, отправьте, пожалуйста, исправную деталь!  Вам помог этот отзыв? Да 0 Нет 0 Ответить;https://ir.ozone.ru/s3/rp-photo-13/wc500/e63bc379-efa8-4c3e-bc66-fb7f6ca7c3f2.jpeg;https://www.ozon.ru/product/1409600087
DFC;DFC JUPITER;Аноним;;7;А Александр Д. 10 декабря 2025 Цвет товара: черно-серый-черный, Название цвета: AT-320 Не покупайте у этого продавца ничего!!! За огромные деньги приехал аэрохоккей в коробке. Коробка была вся целая, а стол как будто пинали. Был заявлен блок управления включением, вместо него под столом расположен шнур от советского торшера. Для того чтобы включить аэрохоккей нужно залезть под стол. Продавец естественно отказался менять товар.  Вам помог этот отзыв? Да 25 Нет 0 Ответить 1 комментарий;https://ir.ozone.ru/s3/rp-photo-14/wc500/af7675b5-190a-498c-8454-bfff53954ee3.jpeg | https://ir.ozone.ru/s3/rp-photo-14/wc500/e1b89850-d56c-4903-9bbb-678c187d100c.jpeg | https://ir.ozone.ru/s3/rp-photo-13/wc500/2d1b869b-10c7-4f2e-8d6f-f65bfaf2f997.jpeg | https://ir.ozone.ru/s3/rp-photo-14/wc500/0b4128d2-031d-432a-a70d-1836f1f7ee59.jpeg;https://www.ozon.ru/product/1409600087
DFC;DFC JUPITER;Аноним;;7;В Виктор Р. изменен 1 декабря 2025 Цвет товара: черный-красный-темно-серый, Название цвета: AT-265 Надежность:Средняя Удобство использования:Нормально Соотношение цена/качество:Приемлемое Одну звезду снимаю не за стол, а за жадность продавца или Озон не знаю кто из них виноват. Заказал Я этот стол 15 ноября, доставка должна была быть 21 ноября, и тут началось перенос дат. Написал жалобу - деньги вернули сразу, а мне нужен был этот стол, это же подарок ребенку. На следующий день захожу на страницу опа, а стол на 1500 дороже. Заказную...  Читать полностью Вам помог этот отзыв? Да 5 Нет 0 Ответить;https://ir.ozone.ru/s3/rp-photo-15/wc500/f6ff40db-1d42-43a5-ad81-c1cdc6c4260e.jpeg | https://ir.ozone.ru/s3/rp-photo-12/wc500/27c4dd4b-5d10-47cc-bd41-c20e55d0786c.jpeg | https://ir.ozone.ru/s3/rp-photo-15/wc500/5e669bc8-fc46-45b9-a558-103667b6b9de.jpeg | https://ir.ozone.ru/s3/rp-photo-13/wc500/0ee54331-bc04-47b5-92b1-8f8fdfc34051.jpeg | https://ir.ozone.ru/s3/rp-photo-14/wc500/4d5a08cf-5508-4aee-a45d-4d1f6c40548e.jpeg | https://ir.ozone.ru/s3/rp-photo-14/wc500/8844d570-2d90-4471-853c-098a5b0012f3.jpeg;https://www.ozon.ru/product/1409600087
DFC;DFC JUPITER;Аноним;;7;Е Егор М. 1 октября 2024 Цвет товара: черный-белый-серый металлик, Название цвета: AT-250 Надежность:Средняя Соотношение цена/качество:Приемлемое Удобство использования:Удобно Покупал на подарок и конечно он пришел поломанный на фото видно, под шаманил куда уж деваться, но настроение облом, играть удобно, бывает шайба выскакивает за предел и не всегда считает голы, битки для мужской руки чуть маловаты , вентилятор шумный , ощущения надежности нет ( точно не стоит на него ложиться )  Вам помог этот отзыв? Да 21 Нет 0 Ответить 5 комментариев;https://ir.ozone.ru/s3/rp-photo-6/wc500/a52095bc-71a5-41c5-9792-93314b2526a5.jpeg | https://ir.ozone.ru/s3/rp-photo-10/wc500/0714ff74-b55b-4d31-a808-96a3f5b9dc52.jpeg | https://ir.ozone.ru/s3/rp-photo-8/wc500/223b4c85-1ba4-4733-b16b-be99ea3d8849.jpeg;https://www.ozon.ru/product/1409600087
DFC;DFC JUPITER;Аноним;;7;П Павел К. 8 января 2026 Цвет товара: черный-красный-темно-серый, Название цвета: AT-265 покрытие было поцарапано кто-то им пользовался стол пришёл с трещинами в деталях  Вам помог этот отзыв? Да 0 Нет 0 Ответить 2 комментария;https://ir.ozone.ru/s3/rp-photo-15/wc500/95dced8a-b6fd-4702-ae35-94e66787cc24.jpeg | https://ir.ozone.ru/s3/rp-photo-12/wc500/7b237f97-511d-4271-9023-ed9fdd18f332.jpeg | https://ir.ozone.ru/s3/rp-photo-11/wc500/dc46ddad-4676-4bb0-9483-1863a20466b2.jpeg;https://www.ozon.ru/product/1409600087
DFC;DFC JUPITER;Аноним;;7;И Имя скрыто 7 декабря 2025 Цвет товара: черный-красный-темно-серый, Название цвета: AT-265 Надежность:Средняя Соотношение цена/качество:Приемлемое Удобство использования:Удобно стол хороший пришел без повреждений. при перевозки пришлось сложить сидения  Вам помог этот отзыв? Да 2 Нет 0 Ответить;https://ir.ozone.ru/s3/rp-photo-12/wc500/76efacc6-9608-4432-b705-508526589c74.jpeg | https://ir.ozone.ru/s3/rp-photo-13/wc500/4c941143-cda5-4e21-84f8-c9071b5c49dd.jpeg;https://www.ozon.ru/product/1409600087
DFC;DFC JUPITER;Аноним;;7;Д Денис Р. 12 февраля 2026 Цвет товара: черный-белый-синий, Название цвета: AT-250 Соотношение цена/качество:Выгодная покупка Надежность:Средняя Удобство использования:Удобно хороший товар пришел целый упаковка целая буду пользоваться дополню отзыв  Вам помог этот отзыв? Да 0 Нет 0 Ответить;https://ir.ozone.ru/s3/rp-photo-14/wc500/20f6467d-d8f9-4380-bbb2-240a33b0aa0d.jpeg;https://www.ozon.ru/product/1409600087
DFC;DFC JUPITER;Аноним;;7;Н Нина Р. 28 октября 2025 Цвет товара: черный-красный-темно-серый, Название цвета: AT-265 для домашнего использования очень даже. собирать лучше с шуруповертом.  Вам помог этот отзыв? Да 6 Нет 0 Ответить;https://ir.ozone.ru/s3/rp-photo-12/wc500/0687ac74-3d2a-45a5-a274-b98468a666cd.jpeg;https://www.ozon.ru/product/1409600087
DFC;DFC JUPITER;Аноним;;7;И Имя скрыто 25 ноября 2025 Цвет товара: темно-серый, Название цвета: AT-340 Надежность:Средняя Удобство использования:Удобно Соотношение цена/качество:Приемлемое Хороший товар соответствует описанию, пришёл без повреждений  Вам помог этот отзыв? Да 4 Нет 0 Ответить;https://ir.ozone.ru/s3/rp-photo-12/wc500/6ccdc36d-0dc6-40c0-be5d-9ff4afef7c36.jpeg | https://ir.ozone.ru/s3/rp-photo-14/wc500/ca304d89-fe7a-4f3d-a55e-ea9c549b8b52.jpeg;https://www.ozon.ru/product/1409600087
DFC;DFC JUPITER;Аноним;;7;Александр А. 24 декабря 2025 Цвет товара: черный-белый-синий, Название цвета: AT-250 хорошее впечатление. устойчивые ножки могу рекомендовать  Вам помог этот отзыв? Да 2 Нет 0 Ответить;https://ir.ozone.ru/s3/rp-photo-11/wc500/28e3eeb9-8e1b-41b5-a67c-e8efe12815b9.jpeg;https://www.ozon.ru/product/1409600087
DFC;DFC JUPITER;Аноним;;7;К Ксения Б. 5 января 2026 Цвет товара: черный-красный-темно-серый, Название цвета: AT-265 вот это вещь! дети и взрослые в восторге.  Вам помог этот отзыв? Да 2 Нет 0 Ответить;https://ir.ozone.ru/s3/rp-photo-11/wc500/4c89835e-108f-449e-937a-d05baf33efef.jpeg;https://www.ozon.ru/product/1409600087
DFC;DFC JUPITER;Аноним;;7;Ю Юлия С. 16 декабря 2025 Цвет товара: черный-красный-темно-серый, Название цвета: AT-265 На вид целый. Будем открывать позже.  Вам помог этот отзыв? Да 1 Нет 0 Ответить;https://ir.ozone.ru/s3/rp-photo-15/wc500/4079c5dd-77af-4fd3-bca0-bf8790e86baa.jpeg;https://www.ozon.ru/product/1409600087
DFC;DFC JUPITER;Аноним;;7;Анна Ф. 11 декабря 2025 Цвет товара: черный-красный-темно-серый, Название цвета: AT-265 Классный большой!!! Советую.  Вам помог этот отзыв? Да 1 Нет 0 Ответить;https://ir.ozone.ru/s3/rp-photo-11/wc500/01008d33-9a56-46df-b4ef-fd3ebae1bbcd.jpeg;https://www.ozon.ru/product/1409600087
DFC;DFC JUPITER;Аноним;;7;К Ксения С. 2 января 2026 Цвет товара: черный-красный-темно-серый, Название цвета: AT-265 Надежность:Высокая Соотношение цена/качество:Выгодная покупка Удобство использования:Удобно Классный, дети в восторге)  Вам помог этот отзыв? Да 2 Нет 0 Ответить;https://ir.ozone.ru/s3/rp-photo-11/wc500/668a9804-7de0-4f29-ab94-4e93e23147e8.jpeg;https://www.ozon.ru/product/1409600087
DFC;DFC JUPITER;Аноним;;7;Hexenbane 29 декабря 2025 Цвет товара: черный-красный-темно-серый, Название цвета: AT-265 Отличный стол.  Вам помог этот отзыв? Да 3 Нет 0 Ответить;https://ir.ozone.ru/s3/rp-photo-12/wc500/9b9a7943-4373-46eb-af7e-d553245285a1.jpeg;https://www.ozon.ru/product/1409600087
DFC;DFC JUPITER;Аноним;;7;В Виталий П. 24 октября 2025 Цвет товара: черный-красный-темно-серый, Название цвета: AT-265 товар пришёл после возврата другого клиента, по вмятинам на нескщих ножках и слизанным граням на гайках это отчётливо видно, а также на дырках от саморезов на опоре с ящиком для хранения игровых принадлежностей. ручка от ящика совсем другого цвета. Сразу видно, что б/у или был собран ранее. в остальном все хорошо. работает. оставил только по тому, что...  Читать полностью Вам помог этот отзыв? Да 2 Нет 0 Ответить 1 комментарий;;https://www.ozon.ru/product/1409600087
DFC;DFC JUPITER;Аноним;;7;Н Наталья З. 3 декабря 2025 Цвет товара: черный-красный-темно-серый, Название цвета: AT-265 стол замечательный, проверили, всё работает, ничего не сломано. куплен в подарок на Новый год в детский центр, фото добавлю, когда собираем.  Вам помог этот отзыв? Да 0 Нет 0 Ответить;;https://www.ozon.ru/product/1409600087
DFC;DFC 40 101x50 светлый;Аноним;;8;А Алсу М. 12 мая 2026 Цвет товара: светло-коричневый-коричнево-красный товар пришёл быстро, упаковка качественная, внутри пенопласт и защита углов, напор воздуха хороший, собрали быстро, все работает.  00:25 Вам помог этот отзыв? Да 1 Нет 0 Ответить;;https://www.ozon.ru/product/2718393125
DFC;DFC 40 101x50 светлый;Аноним;;7;И Имя скрыто 21 апреля 2026 Цвет товара: светло-коричневый-коричнево-красный Очень хороший , пришел во время.  Вам помог этот отзыв? Да 0 Нет 0 Ответить;https://ir.ozone.ru/s3/rp-photo-12/wc500/1203badb-6e28-473b-abae-443b224acd03.jpeg;https://www.ozon.ru/product/2718393125
DFC;DFC 40 101x50 светлый;Аноним;;7;Н Наталья М. 30 апреля 2026 Цвет товара: светло-коричневый-коричнево-красный Прекрасная и увлекательная игра для для любых возрастов! Тренирует реакцию, концентрацию, моторику и поднимает настроение! Отличное качество. Спасибо продавцу и производителю!  Вам помог этот отзыв? Да 0 Нет 0 Ответить;;https://www.ozon.ru/product/2718393125
DFC;DFC 40 101x50 светлый;Аноним;;7;Э Эдуард Б. изменен 21 апреля 2026 Цвет товара: светло-коричневый-коричнево-красный Добротный стол, собран крепко. Воздух почти равномерно распределяется по полю. Не ждал многого от игры, но он оставляет приятное ощущение. Играть интересно, почти как на взрослом хоккее. Как подарок - самое то!  Вам помог этот отзыв? Да 0 Нет 0 Ответить;;https://www.ozon.ru/product/2718393125
DFC;DFC 40 101x50 светлый;Аноним;;7;А Александр Б. 20 апреля 2026 Цвет товара: светло-коричневый-коричнево-красный Отличный аэрохоккей , рекомендую к покупке. Покупали в подарок , доставили в очень хорошей упаковке. Внутри все грамотно проложено , особенно порадовали уголки .Спасибо производителю за данный товар.А тем кто пишет что слабый вентилятор у данной модели , то не стоит забывать что это мини версия аэрохоккея и здесь его вполне хватает . Конечно не известно...  Читать полностью Вам помог этот отзыв? Да 0 Нет 0 Ответить;;https://www.ozon.ru/product/2718393125
DFC;DFC 40 101x50 светлый;Аноним;;7;Н Наговицына Л. 5 мая 2026 Цвет товара: светло-коричневый-коричнево-красный Очень понравилось. мальчишкам по 8 и 6 лет. Размер поля как раз. Даже для взрослых подходит ращмер. Уже месяц режутся, все цело.  Вам помог этот отзыв? Да 0 Нет 0 Ответить;;https://www.ozon.ru/product/2718393125
DFC;DFC 40 101x50 светлый;Аноним;;7;Н Нина С. 7 мая 2026 Цвет товара: светло-коричневый-коричнево-красный отличный игровой стол,играют и внуки,мальчишки,и молодые родители ,и дедушка Спасибо продавцу  Вам помог этот отзыв? Да 0 Нет 0 Ответить;;https://www.ozon.ru/product/2718393125
DFC;DFC 40 101x50 светлый;Аноним;;7;В Вадим С. 29 мая 2026 Цвет товара: светло-коричневый-коричнево-красный Игру дарил на День Рождения товарищу. Игра ему понравилась, но дети отняли.  Вам помог этот отзыв? Да 0 Нет 0 Ответить;;https://www.ozon.ru/product/2718393125
DFC;DFC 40 101x50 светлый;Аноним;;7;Д Дина Л. 8 мая 2026 Цвет товара: светло-коричневый-коричнево-красный Зашло и ребенку и взрослым!!! Не хлипкий. Качественный товар  Вам помог этот отзыв? Да 0 Нет 0 Ответить;;https://www.ozon.ru/product/2718393125
DFC;DFC 40 101x50 светлый;Аноним;;7;Е Евгения П. 31 мая 2026 Цвет товара: светло-коричневый-коричнево-красный Отличный подарок ребенку. И сами не против поиграть.  Вам помог этот отзыв? Да 0 Нет 0 Ответить;;https://www.ozon.ru/product/2718393125
DFC;DFC 40 101x50 светлый;Аноним;;8;В Валентина Л. 29 апреля 2026 Цвет товара: коричневый товар пришёл вовремя,спасибо продавцу.Все целое,что очень важно.Покупали в подарок сыну.Очень доволен и мы в том числе.Играем каждый день 👍 Цена-качество 👍 процветания вам  00:06 Вам помог этот отзыв? Да 1 Нет 0 Ответить;https://ir.ozone.ru/s3/rp-photo-15/wc500/9257e62f-a395-48fb-85ba-640d10ef5cc6.jpeg | https://ir.ozone.ru/s3/rp-photo-12/wc500/1c2378b9-3720-4b1f-aaf1-46c1fd81d27a.jpeg | https://ir.ozone.ru/s3/rp-photo-11/wc500/2c807c26-df2e-4f16-a0ee-662b271da7ee.jpeg | https://ir.ozone.ru/s3/rp-photo-12/wc500/399a8ddb-ffe4-47c2-bece-aa8c422ee14c.jpeg;https://www.ozon.ru/product/2718393125
DFC;DFC 40 101x50 светлый;Аноним;;8;Елена 25 апреля 2026 Цвет товара: коричневый Подклейка к бите не удачная. Приклеила, но дети скрутили сам «войлок» от основания. В целом, неплохо, играть можно. Шум от вентилятора несильный.  00:17 Вам помог этот отзыв? Да 0 Нет 0 Ответить;https://ir.ozone.ru/s3/rp-photo-15/wc500/e9cabd4d-6e4f-47c1-b807-4cddd8bee4d2.jpeg;https://www.ozon.ru/product/2718393125
DFC;DFC 40 101x50 светлый;Аноним;;10;Е Евгений С. 21 апреля 2026 Цвет товара: светло-серый-белый-светло-синий всё всем понравилось 👍👍👍 особенно детям.  04:46 Вам помог этот отзыв? Да 15 Нет 0 Ответить;https://ir.ozone.ru/s3/rp-photo-12/wc500/72beeaff-9d7b-42f2-b6a4-7f1b140f2819.jpeg;https://www.ozon.ru/product/2718393125
DFC;DFC 40 101x50 светлый;Аноним;;7;Г Галина П. 18 июня 2026 Цвет товара: зеленый-серый Доставили быстро. Коробка вся разбита, заклеена скотчем. Звезду снимать не стала, внутри вроде бы все на месте. Это подарок внуку на день рождения, поэтому доставать из коробки не стала. Надеюсь, что комплектация не нарушена.  Вам помог этот отзыв? Да 0 Нет 0 Ответить;https://ir.ozone.ru/s3/rp-photo-11/wc500/ac528109-9493-469c-9945-937c248f157f.jpeg | https://ir.ozone.ru/s3/rp-photo-11/wc500/73639b8d-913d-465e-ad5a-3a7bbdd9af15.jpeg;https://www.ozon.ru/product/2718393125
DFC;DFC 40 101x50 светлый;Аноним;;7;Т Тимофей С. 3 мая 2026 Цвет товара: коричневый Относительно большой стол, удобный размер. Мертвых зон, где останавливается шайба нет. Единственный минус - недостаточная ширина ворот, если поставить биту посередине, шайба не проходит ни с одной стороны.  Вам помог этот отзыв? Да 0 Нет 0 Ответить;https://ir.ozone.ru/s3/rp-photo-11/wc500/4d737118-9999-4b66-87be-8475290ca237.jpeg;https://www.ozon.ru/product/2718393125
DFC;DFC 40 101x50 светлый;Аноним;;7;А Анна Р. 20 апреля 2026 Цвет товара: коричневый-светло-зеленый Настольный футбол хорошего качества.Интересно и удобно играть не только детям,но и взрослым.Единственный момент,нужно ставить на не скользящую поверхность,чтобы предотвратить подвижность поля при игре  Вам помог этот отзыв? Да 1 Нет 0 Ответить;https://ir.ozone.ru/s3/rp-photo-13/wc500/bd32bedc-1de3-445b-ac17-01440b0879df.jpeg | https://ir.ozone.ru/s3/rp-photo-14/wc500/b24507dd-8a07-47c0-97de-544fa29311e8.jpeg;https://www.ozon.ru/product/2718393125
DFC;DFC 40 101x50 светлый;Аноним;;7;Иван В. 29 апреля 2026 Цвет товара: темно-синий Отличный, качественно выполненный бильярд. Не хлипкий, не шатается ничего. Кии удобные, шары тяжеленькие. Играем всей семьёй. Рекомендую.  Вам помог этот отзыв? Да 0 Нет 0 Ответить;https://ir.ozone.ru/s3/rp-photo-14/wc500/d45c54d1-d92c-44a3-b29b-75b939f35c04.jpeg;https://www.ozon.ru/product/2718393125
DFC;DFC 40 101x50 светлый;Аноним;;7;И Имя скрыто 28 мая 2026 Цвет товара: голубой-черный Игра пришла в хорошей плотной коробке, всё целое и в наличии. Игра как настоящая. Ребёнок играет с удовольствием, взрослые - тоже)  Вам помог этот отзыв? Да 0 Нет 0 Ответить;https://ir.ozone.ru/s3/rp-photo-12/wc500/ba6ceee4-0258-4730-8179-fe9bffb757fb.jpeg;https://www.ozon.ru/product/2718393125
DFC;DFC 40 101x50 светлый;Аноним;;7;R Ruvy 13 апреля 2026 Цвет товара: синий-белый Прекрасная игра, поле большого размера, дети с восторге, папа в восторге! Доставка опоздала на 1 день, но а празднику успели!  Вам помог этот отзыв? Да 0 Нет 0 Ответить;https://ir.ozone.ru/s3/rp-photo-14/wc500/b0d5cfa6-30ce-406d-bd41-1b8c382f3837.jpeg | https://ir.ozone.ru/s3/rp-photo-12/wc500/fb22b8ac-21e3-408a-8ecc-23447db01a16.jpeg;https://www.ozon.ru/product/2718393125
DFC;DFC 40 101x50 светлый;Аноним;;7;О Оксана Ш. 25 апреля 2026 Цвет товара: коричневый Давно мечтали о таком столе. К сожалению, пришёл нерабочий. Хотя выглядит очень качественно. Постараемся заменить  Вам помог этот отзыв? Да 0 Нет 0 Ответить 2 комментария;https://ir.ozone.ru/s3/rp-photo-15/wc500/4d06d8f9-d9ba-4c44-83c6-3985734da599.jpeg;https://www.ozon.ru/product/2718393125
DFC;DFC 40 101x50 светлый;Аноним;;7;М Максим Ч. 5 мая 2026 Цвет товара: синий-белый Вполне хороший аэрохоккей! Надо шайба где-то на поле застревает, надо иголкой отверстия в этом месте почистить!  Вам помог этот отзыв? Да 0 Нет 0 Ответить;https://ir.ozone.ru/s3/rp-photo-14/wc500/650048cf-6870-4089-878a-04eb3fc1d744.jpeg;https://www.ozon.ru/product/2718393125
DFC;DFC 40 101x50 светлый;Аноним;;7;М Марина Т. 2 мая 2026 Цвет товара: голубой-черный Игровой стол- аэрохоккей пришёл в хорошем состоянии. Полная комплектация. Работает от сети. Размеры впечатляют.  Вам помог этот отзыв? Да 0 Нет 0 Ответить;https://ir.ozone.ru/s3/rp-photo-15/wc500/2ec1304d-d87c-4285-bf37-a82608ad5f52.jpeg;https://www.ozon.ru/product/2718393125
DFC;DFC 40 101x50 светлый;Аноним;;7;Л Лилия К. 12 апреля 2026 Цвет товара: коричневый Пришел хорошо запакованный. Все работает, всё целое. Ребёнок в восторге. В реальности больше чем на фото.  Вам помог этот отзыв? Да 0 Нет 0 Ответить;https://ir.ozone.ru/s3/rp-photo-13/wc500/90ea0864-3bcf-407d-bf90-2501400fe229.jpeg;https://www.ozon.ru/product/2718393125
DFC;DFC 40 101x50 светлый;Аноним;;8;Лейла О. 18 мая 2026 Цвет товара: коричневый Вообще крутая игрушка . Взяли в подарок сыну на 2 года . Час играли с мужем сами 😆 Сын в восторге .  00:05 Вам помог этот отзыв? Да 3 Нет 0 Ответить;;https://www.ozon.ru/product/2718393125
DFC;DFC 40 101x50 светлый;Аноним;;7;Р Роман Р. 7 мая 2026 Цвет товара: коричневый Товар пришел вовремя, ветер дует хорошо. Проверяйте то, что он работает от зарядки, а не от батареек.  Вам помог этот отзыв? Да 0 Нет 0 Ответить;https://ir.ozone.ru/s3/rp-photo-13/wc500/3221c9f4-4da4-452d-b6d7-3d3617936d72.jpeg;https://www.ozon.ru/product/2718393125
DFC;DFC 40 101x50 светлый;Аноним;;7;Л Любовь А. 1 мая 2026 Цвет товара: светло-серый-белый-светло-синий за такие деньги , с клееного Кортона конструкция , ещё и с браком , купили подарок ребенку называется  Вам помог этот отзыв? Да 0 Нет 0 Ответить 2 комментария;https://ir.ozone.ru/s3/rp-photo-14/wc500/28eba88d-31b7-4dbd-b9e2-a28add731c21.jpeg;https://www.ozon.ru/product/2718393125
DFC;DFC 40 101x50 светлый;Аноним;;7;С Сергей К. 3 июня 2026 Цвет товара: голубой-черный Ребёнку понравился . Упакован отлично, дошёл быстро , подключение и сборка элементарная .  Вам помог этот отзыв? Да 0 Нет 0 Ответить;https://ir.ozone.ru/s3/rp-photo-12/wc500/9771a104-9a50-4421-aecb-7f697dab305b.jpeg;https://www.ozon.ru/product/2718393125
DFC;DFC 40 101x50 светлый;Аноним;;7;Фишер А. 15 апреля 2026 Цвет товара: коричневый Вроде все целое, еще пробовали, ждём завтра. Подарок на др. Надеюсь все будет работать.  Вам помог этот отзыв? Да 0 Нет 0 Ответить;https://ir.ozone.ru/s3/rp-photo-13/wc500/a1230313-19fa-43ef-87b7-c075dbd1cee8.jpeg | https://ir.ozone.ru/s3/rp-photo-12/wc500/f22dcad0-7964-4520-b1e0-783e8301f6b4.jpeg | https://ir.ozone.ru/s3/rp-photo-12/wc500/3e8aee0a-bcb7-43e0-aea5-fd05a67c11ff.jpeg | https://ir.ozone.ru/s3/rp-photo-14/wc500/ee1a0ca6-b3a8-4b5c-bc06-d1a0f0a3a19d.jpeg;https://www.ozon.ru/product/2718393125
DFC;DFC 40 101x50 светлый;Аноним;;7;Е Евгения З. 6 мая 2026 Цвет товара: голубой-черный хороший аэрохоккей ,достаточно большой ,цена конечно высокая,но сама игра классная  Вам помог этот отзыв? Да 0 Нет 0 Ответить;https://ir.ozone.ru/s3/rp-photo-14/wc500/8e738e89-d892-4419-90bf-d9e055c9f4ef.jpeg;https://www.ozon.ru/product/2718393125
DFC;DFC 40 101x50 светлый;Аноним;;8;А Алсу М. 25 апреля 2026 Цвет товара: голубой-черный Общее впечатление хорошее. Пришло все в комплекте. Дети играют только так)  00:18 Вам помог этот отзыв? Да 6 Нет 0 Ответить;;https://www.ozon.ru/product/2718393125
